token,lemma 3.2.1,lemma 3.3.1,lemma single word 3.2.1,lemma single word 3.3.1
Verträgliche,verträglich,verträgliche,verträglich,verträgliche
Harte,harte,hart,harte,hart
Kontaktlinsen,kontaktlinsen,kontaktlinse,kontaktlinsen,kontaktlinse
Jetzt,jetzt,jetzt,jetzt,jetzt
online,online,online,online,online
finden,finden,finden,finden,finden
Finden,finden,finden,finden,finden
Sie,ich,sie,ich,sie
Ihre,mein,ihr,mein,ihr
harten,harten,hart,harten,hart
in,in,in,in,in
unserem,mein,unser,mein,unser
Online,online,online,online,online
Shop,shop,shop,shop,shop
Wir,ich,wir,ich,wir
bieten,bieten,bieten,bieten,bieten
Ihnen,ich,ihnen,ich,ihnen
Ihnen,ich,ihne,ich,ihnen
harte,hart,hart,hart,hart
Linsen,linse,linse,linse,linse
der,der,der,der,der
Marke,mark,marke,mark,marke
unsere,mein,unser,mein,unser
Modelle,modell,modell,modell,modell
In,in,in,in,in
folgende,folgend,folgend,folgend,folgend
Quantum,quantum,quantum,quantum,quantum
Bausch,bauschen,bausch,bauschen,bausch
Lomb,lomb,lomb,lomb,lomb
Stk,stk,stk,stk,stk
Menicon,menicon,menicon,menicon,menicon
Omni,omni,omni,omni,omni
Comfort,comfort,comfort,comfort,comfort
Kosten,kosten,kosten,kosten,kosten
Lassen,lassen,lassen,lassen,lassen
sich,sich,sich,sich,sich
nicht,nicht,nicht,nicht,nicht
von,von,von,von,von
den,der,der,der,der
Preisen,preis,preis,preis,preis
für,für,für,für,für
abschrecken,abschrecken,abschrecken,abschrecken,abschrecken
Da,da,da,da,da
es,ich,es,ich,es
Angebot,angebot,angebot,angebot,angebot
um,um,um,um,um
Jahreslinsen,jahreslinsen,jahreslinse,jahreslinsen,jahreslinse
handelt,handeln,handeln,handeln,handeln
sind,sein,sein,sein,sein
die,der,der,der,der
Anschaffungskosten,anschaffungskosten,anschaffungskost,anschaffungskosten,anschaffungskost
höher,hoch,hoch,hoch,hoch
als,als,als,als,als
bei,bei,bei,bei,bei
Tages-,tages-,tag,tages-,tag
Wochen-,wochen-,woche,wochen-,woche
und,und,und,und,und
Monatslinsen,monatslinsen,monatslinsen,monatslinsen,monatslinse
Wenn,wenn,wenn,wenn,wenn
auf,auf,auf,auf,auf
Tag,tag,tag,tag,tag
herunterrechnen,herunterrechnen,herunterrechnen,herunterrechnen,herunterrechnen
werden,werden,werden,werden,werden
festellen,festellen,festellen,festellen,festellen
dass,dass,dass,dass,dass
formstabilen,formstabilen,formstabil,formstabilen,formstabile
meisten,meist,meister,meist,meister
Fällen,fall,fall,fall,fall
günstiger,günstig,günstig,günstig,günstig
Tageslinsen,tageslinsen,tageslinse,tageslinsen,tageslinse
weitere,weit,weit,weit,weit
Informationen,information,information,information,information
zu,zu,zu,zu,zu
möchten,mögen,möchten,mögen,möchten
empfehlen,empfehlen,empfehlen,empfehlen,empfehlen
wir,ich,wir,ich,wir
unseren,mein,unser,mein,unseren
Blogartikel,blogartikel,blogartikel,blogartikel,blogartikel
Feste,fest,fest,fest,fest
mit,mit,mit,mit,mit
Sonnenbrille,sonnenbrille,sonnenbrille,sonnenbrille,sonnenbrille
können,können,können,können,können
ohne,ohne,ohne,ohne,ohne
Probleme,problem,problem,problem,problem
unter,unter,unter,unter,unter
Sonnenbrillen,sonnenbrillen,sonnenbrille,sonnenbrillen,sonnenbrille
trage,tragen,tragen,tragen,tragen
Hierfür,hierfür,hierfür,hierfür,hierfür
z.,z.,z.,z.,z.
B.,b.,b.,b.,b.
einer,einer,einer,einer,ein
einer,einer,ein,einer,ein
dieser,dies,dieser,dies,dieser
auswählen,auswählen,auswählen,auswählen,auswählen
Formstabile,formstabile,formstabil,formstabile,formstabil
Bestellen,bestellen,bestelle,bestellen,bestellen
Schritten,schritt,schritt,schritt,schritt
bestellen,bestellen,bestellen,bestellen,bestellen
Wunschprodukt,wunschprodukt,wunschprodukt,wunschprodukt,wunschprodukt
Dioptrien,dioptrien,dioptrie,dioptrien,dioptrie
BC-Wert,bc-wert,bc-wert,bc-wert,bc-wert
Basiskurve,basiskurve,basiskurve,,
DIA,dia,dia,dia,dia
Wert,wert,wert,wert,wert
Durchmesser,durchmesser,durchmesser,,
angeben,angeben,angeben,angeben,angeben
Die,der,der,der,der
Linse,linse,linse,linse,linse
bequem,bequemen,bequem,bequemen,bequem
nach,nach,nach,nach,nach
Hause,haus,haus,haus,haus
liefern,liefern,liefern,liefern,liefern
lassen,lassen,lassen,lassen,lassen
haben,haben,haben,haben,haben
Fragen,frage,frage,frage,frage
zur,zur,zu,zur,zu
Bestellung,bestellung,bestellung,bestellung,bestellung
oder,oder,oder,oder,oder
Produkten,produkt,produkt,produkt,produkt
Rufen,ruf,rufen,ruf,rufen
Service,service,service,service,service
Hotline,hotline,hotline,hotline,hotline
an,an,an,an,an
erhalten,erhalten,erhalten,erhalten,erhalten
Information,information,information,information,information
Ihrer,sich,ihr,sich,ihr
Frage,frage,frage,frage,frage
anpassen,anpassen,anpassen,anpassen,anpassen
Es,ich,es,ich,es
ist,sein,sein,sein,sein
wichtig,wichtig,wichtig,wichtig,wichtig
einen,ein,ein,ein,ein
guten,gut,gut,gut,gut
Sitz,sitz,sitz,sitz,sitz
sie,ich,sie,ich,sie
vorher,vorher,vorher,vorher,vorher
einem,einer,ein,einer,ein
Optiker,optiker,optiker,optiker,optiker
Augenarzt,augenarzt,augenarzt,augenarzt,augenarzt
Kommen,kommen,kommen,kommen,kommen
unserer,mein,unser,mein,unser
Filialen,filiale,filiale,filiale,filiale
vorbei,vorbei,vorbei,vorbei,vorbei
helfen,helfen,helfen,helfen,helfen
Der,der,der,der,der
Auswahl,auswahl,auswahl,auswahl,auswahl
geeigneter,geeignet,geeignet,geeignet,geeignet
Augenlinsen,augenlinsen,augenlinse,augenlinsen,augenlinse
Bestimmung,bestimmung,bestimmung,bestimmung,bestimmung
Sehstärke,sehstärke,sehstärke,sehstärke,sehstärke
des,der,der,der,der
BC-,bc-,bc,bc-,bc
Dia-Wertes,dia-wertes,dia-wertes,dia-wertes,dia-wertes
Anpassung,anpassung,anpassung,anpassung,anpassung
jedes,jed,jeder,jed,jeder
Auge,auge,auge,auge,auge
FAQ,faq,faq,faq,faq
Wie,wie,wie,wie,wie
lange,lang,lange,lang,lange
halten,halten,halten,halten,halten
hart,hart,hart,hart,hart
ein,einen,ein,einen,ein
Jahr,jahr,jahr,jahr,jahr
richtiger,richtig,richtig,richtig,richtig
Pflege,pflege,pflege,pflege,pflege
Das,der,der,der,der
aber,aber,aber,aber,aber
nur,nur,nur,nur,nur
Fall,fall,fall,fall,fall
wenn,wenn,wenn,wenn,wenn
Kann,können,können,können,können
man,man,man,man,man
schlafen,schlafen,schlafen,schlafen,schlafen
sollten,sollen,sollen,sollen,sollen
da,da,da,da,da
das,der,der,der,der
Nacht,nacht,nacht,nacht,nacht
erholt,erholen,erholen,erholen,erholen
Handelt,handelt,handelt,handelt,handeln
Ihren,mein,ihr,mein,ihr
Was,was,was,was,was
kosten,kosten,kosten,kosten,kosten
ab,ab,ab,ab,ab
79,79,79,79,79
Stand,stand,stand,,
24.02.2022,24.02.2022,24.02.2022,24.02.2022,24.02.2022
kaufen,kaufen,kaufen,kaufen,kaufen
aus,aus,aus,aus,aus
sauerstoffdurchlässigem,sauerstoffdurchlässigem,sauerstoffdurchlässig,sauerstoffdurchlässigem,sauerstoffdurchlässig
Kunststoff,kunststoff,kunststoff,kunststoff,kunststoff
hergestellt,herstellen,herstellen,herstellen,herstellen
Teaser,teaser,teaser,teaser,teaser
Weiche,weichen,weiche,weichen,weiche
entdecken,entdecken,entdecken,entdecken,entdecken
eine,einen,ein,einen,ein
verrutscht,verrutschen,verrutschen,verrutschen,verrutschen
Dann,dann,dann,dann,dann
weiche,weich,weich,weich,weich
Augenlinse,augenlinse,augenlinse,augenlinse,augenlinse
benötigen,benötigen,benötigen,benötigen,benötigen
keine,kein,kein,kein,kein
intensive,intensive,intensiv,intensive,intensiv
geeignet,eignen,eignen,eignen,eignen
Gedanken,gedanke,gedanke,gedanke,gedanke
machen,machen,machen,machen,machen
Tageslinse,tageslinse,tageslinse,tageslinse,tageslinse
Brille,brille,brille,brille,brille
Ausweichmöglichkeit,ausweichmöglichkeit,ausweichmöglichkeit,ausweichmöglichkeit,ausweichmöglichkeit
zusätzlich,zusätzlich,zusätzlich,zusätzlich,zusätzlich
Hand,hand,hand,hand,hand
falls,falls,falls,falls,falls
Augenentzündung,augenentzündung,augenentzündung,augenentzündung,augenentzündung
leiden,leiden,leiden,leiden,leiden
abends,abends,abends,abends,abends
tragen,tragen,tragen,tragen,tragen
Brillen,brille,brille,brille,brille
