token,lemma single word 3.2.1
Verträgliche,verträglich
Harte,harte
Kontaktlinsen,kontaktlinsen
Jetzt,jetzt
online,online
finden,finden
Finden,finden
Sie,ich
Ihre,mein
harten,harten
Kontaktlinsen,kontaktlinsen
in,in
unserem,mein
Online,online
Shop,shop
Wir,ich
bieten,bieten
Ihnen,ich
harte,hart
Linsen,linse
der,der
Marke,mark
Harte,harte
Linsen,linse
unsere,mein
Modelle,modell
In,in
unserem,mein
Online,online
Shop,shop
finden,finden
Sie,ich
folgende,folgend
Modelle,modell
Quantum,quantum
Bausch,bauschen
Lomb,lomb
Stk,stk
Quantum,quantum
Bausch,bauschen
Lomb,lomb
Stk,stk
Menicon,menicon
Omni,omni
Menicon,menicon
Stk,stk
Menicon,menicon
Comfort,comfort
Menicon,menicon
Stk,stk
Menicon,menicon
Menicon,menicon
Stk,stk
Harte,harte
Kontaktlinsen,kontaktlinsen
Kosten,kosten
Lassen,lassen
Sie,ich
sich,sich
nicht,nicht
von,von
den,der
Preisen,preis
für,für
harte,hart
Linsen,linse
abschrecken,abschrecken
Da,da
es,ich
sich,sich
in,in
unserem,mein
Angebot,angebot
um,um
Jahreslinsen,jahreslinsen
handelt,handeln
sind,sein
die,der
Anschaffungskosten,anschaffungskosten
höher,hoch
als,als
bei,bei
Tages-,tages-
Wochen-,wochen-
und,und
Monatslinsen,monatslinsen
Wenn,wenn
Sie,ich
die,der
Kosten,kosten
auf,auf
den,der
Tag,tag
herunterrechnen,herunterrechnen
werden,werden
Sie,ich
festellen,festellen
dass,dass
die,der
formstabilen,formstabilen
Kontaktlinsen,kontaktlinsen
in,in
den,der
meisten,meist
Fällen,fall
günstiger,günstig
als,als
die,der
Tageslinsen,tageslinsen
sind,sein
Wenn,wenn
Sie,ich
weitere,weit
Informationen,information
zu,zu
den,der
Kosten,kosten
möchten,mögen
empfehlen,empfehlen
wir,ich
Ihnen,ich
unseren,mein
Blogartikel,blogartikel
Kontaktlinsen,kontaktlinsen
Kosten,kosten
Feste,fest
Kontaktlinsen,kontaktlinsen
mit,mit
Sonnenbrille,sonnenbrille
Sie,ich
können,können
ohne,ohne
Probleme,problem
harte,hart
Linsen,linse
unter,unter
Sonnenbrillen,sonnenbrillen
trage,tragen
Hierfür,hierfür
können,können
Sie,ich
z.,z.
B.,b.
einer,einer
dieser,dies
Linsen,linse
auswählen,auswählen
Quantum,quantum
Bausch,bauschen
Lomb,lomb
Stk,stk
Menicon,menicon
Omni,omni
Menicon,menicon
Stk,stk
Menicon,menicon
Comfort,comfort
Menicon,menicon
Stk,stk
Formstabile,formstabile
Kontaktlinsen,kontaktlinsen
Bestellen,bestellen
Harte,harte
Linsen,linse
können,können
Sie,ich
in,in
Schritten,schritt
bestellen,bestellen
Wunschprodukt,wunschprodukt
auswählen,auswählen
Ihre,mein
Dioptrien,dioptrien
den,der
BC-Wert,bc-wert
und,und
den,der
DIA,dia
Wert,wert
angeben,angeben
Die,der
Linse,linse
bestellen,bestellen
und,und
bequem,bequemen
nach,nach
Hause,haus
liefern,liefern
lassen,lassen
Sie,ich
haben,haben
Fragen,frage
zur,zur
Online,online
Bestellung,bestellung
oder,oder
zu,zu
den,der
Produkten,produkt
Rufen,ruf
Sie,ich
unsere,mein
Service,service
Hotline,hotline
an,an
und,und
erhalten,erhalten
Sie,ich
die,der
Information,information
zu,zu
Ihrer,sich
Frage,frage
Harte,harte
Linsen,linse
anpassen,anpassen
lassen,lassen
Es,ich
ist,sein
wichtig,wichtig
für,für
einen,ein
guten,gut
Sitz,sitz
der,der
Linse,linse
dass,dass
Sie,ich
sie,ich
vorher,vorher
von,von
einem,einer
Optiker,optiker
oder,oder
Augenarzt,augenarzt
anpassen,anpassen
lassen,lassen
Kommen,kommen
Sie,ich
in,in
einer,einer
unserer,mein
Filialen,filiale
vorbei,vorbei
und,und
wir,ich
helfen,helfen
Ihnen,ich
bei,bei
Der,der
Auswahl,auswahl
geeigneter,geeignet
der,der
Augenlinsen,augenlinsen
Der,der
Bestimmung,bestimmung
Ihrer,sich
Sehstärke,sehstärke
Der,der
Bestimmung,bestimmung
des,der
BC-,bc-
und,und
Dia-Wertes,dia-wertes
und,und
Anpassung,anpassung
der,der
Linse,linse
auf,auf
jedes,jed
Auge,auge
FAQ,faq
Wie,wie
lange,lang
halten,halten
harte,hart
Kontaktlinsen,kontaktlinsen
Kontaktlinsen,kontaktlinsen
in,in
hart,hart
halten,halten
ein,einen
Jahr,jahr
bei,bei
richtiger,richtig
Pflege,pflege
Das,der
ist,sein
aber,aber
nur,nur
der,der
Fall,fall
wenn,wenn
es,ich
sich,sich
um,um
Jahreslinsen,jahreslinsen
handelt,handeln
Kann,können
man,man
mit,mit
harten,harten
Kontaktlinsen,kontaktlinsen
schlafen,schlafen
Sie,ich
sollten,sollen
nicht,nicht
mit,mit
harten,harten
Kontaktlinsen,kontaktlinsen
schlafen,schlafen
da,da
sich,sich
das,der
Auge,auge
in,in
der,der
Nacht,nacht
erholt,erholen
Handelt,handelt
es,ich
sich,sich
aber,aber
bei,bei
Ihren,mein
Linsen,linse
um,um
Linsen,linse
für,für
Tag,tag
und,und
Nacht,nacht
können,können
Sie,ich
mit,mit
Ihnen,ich
schlafen,schlafen
Was,was
kosten,kosten
harte,hart
Kontaktlinsen,kontaktlinsen
Harte,harte
Linsen,linse
können,können
Sie,ich
ab,ab
79,79
24.02.2022,24.02.2022
in,in
unserem,mein
Online,online
Shop,shop
kaufen,kaufen
Was,was
sind,sein
harte,hart
Kontaktlinsen,kontaktlinsen
Harte,harte
Kontaktlinsen,kontaktlinsen
werden,werden
aus,aus
sauerstoffdurchlässigem,sauerstoffdurchlässigem
Kunststoff,kunststoff
hergestellt,herstellen
Teaser,teaser
Weiche,weichen
Linsen,linse
entdecken,entdecken
Sie,ich
möchten,mögen
eine,einen
Linse,linse
die,der
nicht,nicht
verrutscht,verrutschen
Dann,dann
empfehlen,empfehlen
wir,ich
Ihnen,ich
eine,einen
weiche,weich
Augenlinse,augenlinse
Jetzt,jetzt
weiche,weich
Linsen,linse
entdecken,entdecken
Tageslinsen,tageslinsen
finden,finden
Tageslinsen,tageslinsen
benötigen,benötigen
keine,kein
intensive,intensive
Pflege,pflege
Sie,ich
sind,sein
für,für
Sie,ich
geeignet,eignen
wenn,wenn
Sie,ich
sich,sich
keine,kein
Gedanken,gedanke
um,um
die,der
Pflege,pflege
machen,machen
möchten,mögen
Jetzt,jetzt
Tageslinse,tageslinse
finden,finden
Brille,brille
als,als
Ausweichmöglichkeit,ausweichmöglichkeit
Sie,ich
sollten,sollen
zusätzlich,zusätzlich
eine,einen
Brille,brille
zur,zur
Hand,hand
haben,haben
falls,falls
Sie,ich
unter,unter
einer,einer
Augenentzündung,augenentzündung
leiden,leiden
oder,oder
abends,abends
keine,kein
Augenlinsen,augenlinsen
tragen,tragen
möchten,mögen
Jetzt,jetzt
Brillen,brille
entdecken,entdecken
