token,lemma 3.3.1
VertrÃ¤gliche,vertrã¤gliche
Harte,hart
Kontaktlinsen,kontaktlinse
â€,â€
Jetzt,jetzt
online,online
finden,finden
Finden,finden
Sie,sie
Ihre,ihr
harten,hart
Kontaktlinsen,kontaktlinse
in,in
unserem,unser
Online,online
Shop,shop
Wir,wir
bieten,bieten
Ihnen,ihnen
harte,hart
Linsen,linse
der,der
Marke,marke
Harte,hart
Linsen,linse
unsere,unser
Modelle,modell
In,in
unserem,unser
Online,online
Shop,shop
finden,finden
Sie,sie
folgende,folgend
Modelle,modell
Quantum,quantum
1,1
Bausch,bausch
Lomb,lomb
1,1
Stk,stk
Quantum,quantum
2,2
Bausch,bausch
Lomb,lomb
1,1
Stk,stk
Menicon,menicon
Z,z
Omni,omni
Menicon,menicon
1,1
Stk,stk
Menicon,menicon
Z,z
Comfort,comfort
Menicon,menicon
1,1
Stk,stk
Menicon,menicon
Z,z
E,e
Menicon,menicon
1,1
Stk,stk
Harte,hart
Kontaktlinsen,kontaktlinse
Kosten,kosten
Lassen,lassen
Sie,sie
sich,sich
nicht,nicht
von,von
den,der
Preisen,preis
fÃ¼r,fã¼r
harte,hart
Linsen,linse
abschrecken,abschrecken
Da,da
es,es
sich,sich
in,in
unserem,unser
Angebot,angebot
um,um
Jahreslinsen,jahreslinse
handelt,handeln
sind,sein
die,der
Anschaffungskosten,anschaffungskost
hÃ¶her,hã¶h
als,als
bei,bei
Tages-,tag
Wochen-,woche
und,und
Monatslinsen,monatslinsen
Wenn,wenn
Sie,sie
die,der
Kosten,kosten
auf,auf
den,der
Tag,tag
herunterrechnen,herunterrechnen
werden,werden
Sie,sie
festellen,festellen
dass,dass
die,der
formstabilen,formstabil
Kontaktlinsen,kontaktlinse
in,in
den,der
meisten,meister
FÃ¤llen,fã¤lle
gÃ¼nstiger,gã¼nstig
als,als
die,der
Tageslinsen,tageslinse
sind,sein
Wenn,wenn
Sie,sie
weitere,weit
Informationen,information
zu,zu
den,der
Kosten,kosten
mÃ¶chten,mã¶chten
empfehlen,empfehlen
wir,wir
Ihnen,ihnen
unseren,unser
Blogartikel,blogartikel
Kontaktlinsen,kontaktlinse
Kosten,kosten
Feste,fest
Kontaktlinsen,kontaktlinse
mit,mit
Sonnenbrille,sonnenbrille
Sie,sie
kÃ¶nnen,kã¶nnen
ohne,ohne
Probleme,problem
harte,hart
Linsen,linse
unter,unter
Sonnenbrillen,sonnenbrille
trage,tragen
HierfÃ¼r,hierfã¼r
kÃ¶nnen,kã¶nnen
Sie,sie
z.,z.
B.,b.
einer,einer
dieser,dieser
Linsen,linse
auswÃ¤hlen,auswã¤hle
Quantum,quantum
1,1
Bausch,bausch
Lomb,lomb
1,1
Stk,stk
Menicon,menicon
Z,z
Omni,omni
Menicon,menicon
1,1
Stk,stk
Menicon,menicon
Z,z
Comfort,comfort
Menicon,menicon
1,1
Stk,stk
Formstabile,formstabil
Kontaktlinsen,kontaktlinse
Bestellen,bestelle
Harte,hart
Linsen,linse
kÃ¶nnen,kã¶nnen
Sie,sie
in,in
3,3
Schritten,schritt
bestellen,bestellen
Wunschprodukt,wunschprodukt
auswÃ¤hlen,auswã¤hle
Ihre,ihr
Dioptrien,dioptrie
den,der
BC-Wert,bc-wert
Basiskurve,basiskurve
und,und
den,der
DIA,dia
Wert,wert
Durchmesser,durchmesser
angeben,angeben
Die,der
Linse,linse
bestellen,bestellen
und,und
bequem,bequem
nach,nach
Hause,haus
liefern,liefern
lassen,lassen
Sie,sie
haben,haben
Fragen,frage
zur,zu
Online,online
Bestellung,bestellung
oder,oder
zu,zu
den,der
Produkten,produkt
Rufen,rufen
Sie,sie
unsere,unser
Service,service
Hotline,hotline
an,an
und,und
erhalten,erhalten
Sie,sie
die,der
Information,information
zu,zu
Ihrer,ihr
Frage,frage
Harte,hart
Linsen,linse
anpassen,anpassen
lassen,lassen
Es,es
ist,sein
wichtig,wichtig
fÃ¼r,fã¼r
einen,ein
guten,gut
Sitz,sitz
der,der
Linse,linse
dass,dass
Sie,sie
sie,sie
vorher,vorher
von,von
einem,ein
Optiker,optiker
oder,oder
Augenarzt,augenarzt
anpassen,anpassen
lassen,lassen
Kommen,kommen
Sie,sie
in,in
einer,einer
unserer,unser
Filialen,filiale
vorbei,vorbei
und,und
wir,wir
helfen,helfen
Ihnen,ihnen
bei,bei
Der,der
Auswahl,auswahl
geeigneter,geeignet
der,der
Augenlinsen,augenlinse
Der,der
Bestimmung,bestimmung
Ihrer,ihr
SehstÃ¤rke,sehstã¤rk
Der,der
Bestimmung,bestimmung
des,der
BC-,bc
und,und
Dia-Wertes,dia-wertes
und,und
Anpassung,anpassung
der,der
Linse,linse
auf,auf
jedes,jeder
Auge,auge
FAQ,faq
Wie,wie
lange,lange
halten,halten
harte,hart
Kontaktlinsen,kontaktlinse
Kontaktlinsen,kontaktlinse
in,in
hart,hart
halten,halten
ein,ein
Jahr,jahr
bei,bei
richtiger,richtig
Pflege,pflege
Das,der
ist,sein
aber,aber
nur,nur
der,der
Fall,fall
wenn,wenn
es,es
sich,sich
um,um
Jahreslinsen,jahreslinse
handelt,handeln
Kann,können
man,man
mit,mit
harten,hart
Kontaktlinsen,kontaktlinse
schlafen,schlafen
Sie,sie
sollten,sollen
nicht,nicht
mit,mit
harten,hart
Kontaktlinsen,kontaktlinse
schlafen,schlafen
da,da
sich,sich
das,der
Auge,auge
in,in
der,der
Nacht,nacht
erholt,erholen
Handelt,handelt
es,es
sich,sich
aber,aber
bei,bei
Ihren,ihr
Linsen,linse
um,um
Linsen,linse
fÃ¼r,fã¼r
Tag,tag
und,und
Nacht,nacht
kÃ¶nnen,kã¶nnen
Sie,sie
mit,mit
Ihnen,ihne
schlafen,schlafen
Was,was
kosten,kosten
harte,hart
Kontaktlinsen,kontaktlinse
Harte,hart
Linsen,linse
kÃ¶nnen,kã¶nnen
Sie,sie
ab,ab
79,79
â‚¬,â‚¬
Stand,stand
24.02.2022,24.02.2022
in,in
unserem,unser
Online,online
Shop,shop
kaufen,kaufen
Was,was
sind,sein
harte,hart
Kontaktlinsen,kontaktlinse
Harte,hart
Kontaktlinsen,kontaktlinse
werden,werden
aus,aus
sauerstoffdurchlÃ¤ssigem,sauerstoffdurchlã¤ssig
Kunststoff,kunststoff
hergestellt,herstellen
Teaser,teaser
Weiche,weiche
Linsen,linse
entdecken,entdecken
Sie,sie
mÃ¶chten,mã¶chten
eine,ein
Linse,linse
die,der
nicht,nicht
verrutscht,verrutschen
Dann,dann
empfehlen,empfehlen
wir,wir
Ihnen,ihnen
eine,ein
weiche,weich
Augenlinse,augenlinse
Jetzt,jetzt
weiche,weich
Linsen,linse
entdecken,entdecken
Tageslinsen,tageslinse
finden,finden
Tageslinsen,tageslinse
benÃ¶tigen,benã¶tigen
keine,kein
intensive,intensiv
Pflege,pflege
Sie,sie
sind,sein
fÃ¼r,fã¼r
Sie,sie
geeignet,geeignet
wenn,wenn
Sie,sie
sich,sich
keine,kein
Gedanken,gedanke
um,um
die,der
Pflege,pflege
machen,machen
mÃ¶chten,mã¶chten
Jetzt,jetzt
Tageslinse,tageslinse
finden,finden
Brille,brille
als,als
AusweichmÃ¶glichkeit,ausweichmã¶glichkeit
Sie,sie
sollten,sollen
zusÃ¤tzlich,zusã¤tzlich
eine,ein
Brille,brille
zur,zu
Hand,hand
haben,haben
falls,falls
Sie,sie
unter,unter
einer,ein
AugenentzÃ¼ndung,augenentzã¼ndung
leiden,leiden
oder,oder
abends,abends
keine,kein
Augenlinsen,augenlinse
tragen,tragen
mÃ¶chten,mã¶chten
Jetzt,jetzt
Brillen,brille
entdecken,entdecken
